0.00,0.00,180.00,0.00,
0.00,0.00,180.00,0.00,
0.00,0.00,180.00,0.00,
0.00,0.00,180.00,0.00,
0.00,0.00,180.00,0.00,
0.00,0.00,0.00,0.00,
0.00,0.00,180.00,0.00,
0.00,0.00,180.00,0.00,
0.00,0.00,180.00,0.00,
0.00,0.00,180.00,0.00,
0.00,0.00,180.00,0.00,
0.00,0.00,0.00,0.00,
0.00,0.00,180.00,0.00,
0.00,0.00,180.00,0.00,
0.00,0.00,180.00,0.00,
0.00,0.00,180.00,0.00,
0.00,0.00,180.00,0.00,
0.00,0.00,0.00,0.00,
0.21,3.35,-0.08,0.00,
0.21,3.36,-0.08,0.00,
0.22,3.36,-0.08,0.00,
0.22,3.36,-0.08,0.00,
0.22,3.36,-0.08,0.00,
0.00,0.00,0.00,0.00,
0.22,3.36,-0.08,0.00,
0.22,3.38,-0.08,0.00,
0.22,3.38,-0.06,0.00,
0.22,3.38,-0.01,0.00,
0.22,3.39,-0.03,0.00,
0.00,0.00,0.00,0.00,
0.23,3.40,-0.07,0.00,
0.23,3.40,-0.07,0.00,
0.23,3.40,-0.07,0.00,
0.23,3.40,-0.09,0.00,
0.23,3.41,-0.13,0.00,
0.00,0.00,0.00,0.00,
0.23,3.43,-0.14,0.00,
0.23,3.42,-0.14,0.00,
0.24,3.44,-0.16,0.00,
0.24,3.45,-0.20,0.00,
0.24,3.46,-0.22,0.00,
0.00,0.00,0.00,0.00,
0.24,3.46,-0.22,0.00,
0.23,3.46,-0.20,0.00,
0.23,3.46,-0.17,0.00,
0.23,3.47,-0.15,0.00,
0.23,3.43,-0.13,0.00,
0.00,0.00,0.00,0.00,
0.24,3.42,-0.14,0.00,
0.24,3.43,-0.19,0.00,
0.24,3.43,-0.21,0.00,
0.25,3.43,-0.20,0.00,
0.26,3.43,-0.17,0.00,
0.00,0.00,0.00,0.00,
0.26,3.42,-0.18,0.00,
0.26,3.43,-0.18,0.00,
0.26,3.41,-0.18,0.00,
0.27,3.41,-0.18,0.00,
0.27,3.41,-0.21,0.00,
0.00,0.00,0.00,0.00,
0.27,3.42,-0.20,0.00,
0.28,3.41,-0.20,0.00,
0.27,3.40,-0.20,0.00,
0.27,3.41,-0.20,0.00,
0.27,3.41,-0.20,0.00,
0.00,0.00,0.00,0.00,
0.27,3.40,-0.15,0.00,
0.28,3.43,-0.14,0.00,
0.28,3.44,-0.14,0.00,
0.28,3.45,-0.10,0.00,
0.27,3.47,-0.05,0.00,
0.00,0.00,0.00,0.00,
0.30,3.45,0.02,0.00,
0.30,3.47,-0.00,0.00,
0.29,3.46,0.01,0.00,
0.30,3.46,0.04,0.00,
0.30,3.46,0.04,0.00,
0.00,0.00,0.00,0.00,
0.31,3.46,0.01,0.00,
0.31,3.45,0.01,0.00,
0.31,3.46,0.00,0.00,
0.31,3.48,-0.04,0.00,
0.30,3.47,-0.08,0.00,
0.00,0.00,0.00,0.00,
0.31,3.48,-0.14,0.00,
0.31,3.47,-0.13,0.00,
0.32,3.47,-0.10,0.00,
0.32,3.49,-0.04,0.00,
0.34,3.47,-0.05,0.00,
0.00,0.00,0.00,0.00,
0.32,3.46,-0.10,0.00,
0.32,3.46,-0.10,0.00,
0.31,3.46,-0.07,0.00,
0.31,3.45,-0.09,0.00,
0.31,3.45,-0.14,0.00,
0.00,0.00,0.00,0.00,
0.31,3.46,-0.20,0.00,
0.33,3.48,-0.18,0.00,
0.33,3.50,-0.21,0.00,
0.27,3.41,-0.31,0.00,
0.27,3.40,-0.23,0.00,
0.00,0.00,0.00,-60.00,
0.42,3.54,0.48,0.00,
0.66,4.06,0.89,0.00,
1.08,4.34,0.78,0.00,
1.56,3.96,0.07,0.00,
1.95,3.42,-0.96,0.00,
0.00,0.00,0.00,-60.00,
2.57,3.27,-3.06,0.00,
2.99,2.98,-4.77,0.00,
3.44,2.25,-6.73,0.00,
4.04,1.82,-8.71,0.00,
4.55,1.74,-10.05,0.00,
0.00,0.00,0.00,-60.00,
6.20,1.15,-14.77,0.00,
7.02,0.66,-17.34,0.00,
7.57,0.37,-19.76,0.00,
7.10,0.98,-21.25,0.00,
7.79,0.87,-27.27,0.00,
90.00,90.00,90.00,90.00,
7.97,0.98,-31.34,0.00,
7.90,1.33,-33.34,0.00,
7.66,1.64,-35.06,0.00,
7.47,1.86,-36.09,0.00,
7.27,2.26,-37.51,0.00,
90.00,90.00,90.00,90.00,
7.16,3.26,-40.08,0.00,
6.85,3.63,-41.23,0.00,
6.48,3.97,-42.32,0.00,
6.19,4.27,-42.92,0.00,
5.40,4.81,-43.73,0.00,
90.00,90.00,90.00,90.00,
2.75,4.84,-45.88,0.00,
1.32,4.44,-47.09,0.00,
0.38,4.21,-47.87,0.00,
-0.55,4.14,-48.95,0.00,
-0.82,4.24,-49.68,0.00,
90.00,90.00,90.00,90.00,
-1.23,4.33,-50.24,0.00,
-1.22,4.29,-50.16,0.00,
-1.07,4.34,-49.87,0.00,
-0.73,4.58,-49.63,0.00,
-0.31,4.59,-49.60,0.00,
90.00,90.00,90.00,90.00,
0.01,4.29,-50.08,0.00,
-0.13,4.22,-50.58,0.00,
-0.38,4.28,-51.22,0.00,
-0.61,4.50,-51.89,0.00,
-1.24,5.18,-53.27,0.00,
90.00,90.00,90.00,90.00,
-2.37,6.19,-54.57,0.00,
-3.00,6.46,-54.86,0.00,
-4.02,6.74,-55.14,0.00,
-4.78,6.97,-55.28,0.00,
-5.21,7.18,-55.38,0.00,
90.00,90.00,90.00,90.00,
-5.62,7.44,-55.46,0.00,
-5.77,7.42,-55.46,0.00,
-5.97,7.39,-55.49,0.00,
-6.16,7.39,-55.44,0.00,
-6.57,7.37,-55.41,0.00,
90.00,90.00,90.00,90.00,
-8.49,7.28,-55.60,0.00,
-9.44,7.21,-55.82,0.00,
-11.10,7.04,-56.34,0.00,
-13.03,6.90,-57.07,0.00,
-15.14,6.83,-57.90,0.00,
90.00,90.00,90.00,90.00,
-18.65,6.75,-59.28,0.00,
-20.47,6.70,-59.96,0.00,
-22.06,6.64,-60.41,0.00,
-23.48,6.57,-60.73,0.00,
-24.68,6.52,-61.05,0.00,
90.00,90.00,90.00,90.00,
-26.00,6.22,-61.58,0.00,
-26.56,6.11,-61.80,0.00,
-27.01,6.11,-61.94,0.00,
-27.22,6.10,-62.15,0.00,
-26.76,6.03,-62.73,0.00,
90.00,90.00,90.00,90.00,
-25.34,6.30,-63.38,0.00,
-24.36,6.36,-63.74,0.00,
-23.11,6.22,-64.13,0.00,
-22.10,6.04,-64.38,0.00,
-20.40,5.92,-64.63,0.00,
90.00,90.00,90.00,90.00,
-16.89,6.24,-65.10,0.00,
-14.76,6.12,-65.55,0.00,
-12.31,5.78,-65.98,0.00,
-9.81,5.45,-66.37,0.00,
-7.43,5.19,-66.66,0.00,
90.00,90.00,90.00,90.00,
-3.90,4.83,-66.90,0.00,
-2.04,4.58,-66.95,0.00,
-0.35,4.16,-66.99,0.00,
1.33,3.53,-67.16,0.00,
3.11,2.81,-67.46,0.00,
90.00,90.00,90.00,90.00,
6.32,1.75,-68.23,0.00,
8.20,1.28,-68.70,0.00,
9.91,0.84,-69.12,0.00,
11.45,0.33,-69.43,0.00,
12.44,-0.09,-69.58,0.00,
90.00,90.00,90.00,90.00,
15.35,-1.38,-69.76,0.00,
16.81,-1.95,-69.79,0.00,
18.41,-2.38,-69.93,0.00,
19.61,-2.59,-70.11,0.00,
23.18,-2.92,-70.82,0.00,
90.00,90.00,90.00,90.00,
25.26,-3.17,-71.17,0.00,
25.62,-3.40,-71.22,0.00,
25.59,-3.53,-71.23,0.00,
25.60,-3.50,-71.22,0.00,
25.49,-3.27,-71.12,0.00,
90.00,90.00,90.00,90.00,
24.31,-2.39,-70.42,0.00,
23.20,-1.88,-69.89,0.00,
22.29,-1.47,-69.50,0.00,
20.67,-0.73,-68.90,0.00,
18.71,0.03,-68.34,0.00,
90.00,90.00,90.00,90.00,
14.32,1.76,-67.34,0.00,
12.71,2.60,-67.07,0.00,
10.34,3.93,-66.83,0.00,
8.08,5.28,-66.82,0.00,
5.86,6.60,-66.94,0.00,
90.00,90.00,90.00,90.00,
2.06,8.63,-67.82,0.00,
1.01,9.14,-68.19,0.00,
-0.40,9.83,-68.65,0.00,
-1.71,10.62,-68.96,0.00,
-3.07,11.53,-69.25,0.00,
90.00,90.00,90.00,90.00,
-5.28,12.73,-69.93,0.00,
-6.34,13.35,-70.42,0.00,
-7.12,14.05,-70.94,0.00,
-7.72,14.83,-71.48,0.00,
-8.70,15.89,-72.49,0.00,
90.00,90.00,90.00,90.00,
-9.39,16.71,-73.13,0.00,
-9.80,17.32,-73.36,0.00,
-10.26,17.95,-73.46,0.00,
-10.81,18.45,-73.49,0.00,
-11.43,18.71,-73.56,0.00,
90.00,90.00,90.00,90.00,
-12.35,19.00,-73.67,0.00,
-12.84,19.26,-73.67,0.00,
-13.22,19.40,-73.63,0.00,
-13.45,19.18,-73.54,0.00,
-13.51,18.79,-73.42,0.00,
90.00,90.00,90.00,90.00,
-13.33,18.36,-73.30,0.00,
-13.13,18.16,-73.29,0.00,
-12.86,17.78,-73.28,0.00,
-12.53,17.20,-73.20,0.00,
-12.14,16.57,-73.09,0.00,
90.00,90.00,90.00,90.00,
-11.33,15.46,-72.85,0.00,
-10.77,14.75,-72.66,0.00,
-10.23,14.06,-72.40,0.00,
-9.84,13.45,-72.05,0.00,
-9.65,12.89,-71.58,0.00,
90.00,90.00,90.00,90.00,
-9.38,11.54,-70.51,0.00,
-9.05,10.48,-69.75,0.00,
-8.61,9.30,-69.00,0.00,
-8.30,8.47,-68.53,0.00,
-7.52,6.08,-67.15,0.00,
90.00,90.00,90.00,90.00,
-7.14,4.22,-65.35,0.00,
-7.10,3.26,-64.26,0.00,
-7.08,2.24,-63.09,0.00,
-7.02,1.59,-62.32,0.00,
-6.76,0.75,-61.24,0.00,
90.00,90.00,90.00,90.00,
-5.76,-0.57,-59.55,0.00,
-5.12,-1.11,-58.98,0.00,
-4.67,-1.36,-58.70,0.00,
-3.97,-1.44,-58.42,0.00,
-3.36,-1.17,-58.25,0.00,
90.00,90.00,90.00,90.00,
-3.29,-0.30,-58.21,0.00,
-3.75,-0.02,-58.29,0.00,
-4.86,0.44,-58.50,0.00,
-6.37,0.92,-58.87,0.00,
-8.16,1.42,-59.47,0.00,
90.00,90.00,90.00,90.00,
-11.57,2.29,-60.91,0.00,
-13.83,2.96,-62.00,0.00,
-16.22,3.72,-63.26,0.00,
-18.75,4.54,-64.64,0.00,
-21.27,5.45,-66.09,0.00,
90.00,90.00,90.00,90.00,
-25.32,7.05,-68.47,0.00,
-27.55,8.03,-69.73,0.00,
-29.65,8.89,-70.80,0.00,
-31.62,9.48,-71.71,0.00,
-34.51,10.05,-73.25,0.00,
90.00,90.00,90.00,90.00,
-34.90,10.19,-74.29,0.00,
-34.17,10.32,-74.61,0.00,
-32.91,10.30,-74.69,0.00,
-31.09,10.05,-74.56,0.00,
-28.75,9.57,-74.24,0.00,
90.00,90.00,90.00,90.00,
-23.46,8.44,-73.31,0.00,
-19.85,7.74,-72.60,0.00,
-16.17,7.09,-71.85,0.00,
-13.76,6.66,-71.36,0.00,
-10.32,6.07,-70.70,0.00,
90.00,90.00,90.00,90.00,
-4.01,5.03,-69.98,0.00,
-1.16,4.73,-69.89,0.00,
1.35,4.57,-69.97,0.00,
2.87,4.50,-70.14,0.00,
5.00,4.51,-70.52,0.00,
90.00,90.00,90.00,90.00,
8.79,4.86,-71.60,0.00,
9.82,4.95,-72.10,0.00,
11.19,4.91,-72.97,0.00,
12.40,4.73,-73.96,0.00,
13.47,4.49,-74.98,0.00,
90.00,90.00,90.00,90.00,
15.49,4.12,-76.96,0.00,
16.14,4.05,-77.55,0.00,
16.88,3.96,-78.33,0.00,
17.74,3.82,-78.97,0.00,
19.21,3.66,-79.48,0.00,
90.00,90.00,90.00,90.00,
20.95,4.25,-78.85,0.00,
21.83,4.90,-78.22,0.00,
22.53,5.29,-77.73,0.00,
23.67,5.85,-76.94,0.00,
24.46,6.25,-76.18,0.00,
90.00,90.00,90.00,90.00,
25.71,6.52,-75.00,0.00,
26.09,6.72,-74.65,0.00,
26.83,6.96,-74.30,0.00,
27.35,7.46,-73.95,0.00,
27.86,8.08,-73.59,0.00,
90.00,90.00,90.00,90.00,
27.99,9.42,-72.90,0.00,
27.64,9.67,-72.73,0.00,
27.06,9.83,-72.50,0.00,
26.56,9.91,-72.22,0.00,
26.10,9.93,-71.85,0.00,
90.00,90.00,90.00,90.00,
25.41,10.24,-70.86,0.00,
24.89,10.64,-69.99,0.00,
24.58,11.03,-69.04,0.00,
24.29,11.48,-68.01,0.00,
23.96,11.96,-66.99,0.00,
90.00,90.00,90.00,90.00,
23.29,12.38,-65.54,0.00,
22.67,12.47,-64.77,0.00,
21.85,12.52,-64.02,0.00,
20.82,12.59,-63.27,0.00,
18.16,12.59,-61.74,0.00,
90.00,90.00,90.00,90.00,
15.50,12.48,-60.36,0.00,
13.73,12.35,-59.47,0.00,
12.03,12.12,-58.59,0.00,
10.52,11.94,-57.69,0.00,
9.10,11.74,-56.83,0.00,
90.00,90.00,90.00,90.00,
6.74,11.16,-55.58,0.00,
5.43,10.88,-54.94,0.00,
4.35,10.73,-54.37,0.00,
3.51,10.71,-53.87,0.00,
3.05,10.70,-53.60,0.00,
90.00,90.00,90.00,90.00,
2.19,10.44,-53.21,0.00,
1.90,10.29,-53.18,0.00,
1.61,10.09,-53.22,0.00,
1.32,9.82,-53.28,0.00,
1.04,9.62,-53.34,0.00,
90.00,90.00,90.00,90.00,
0.74,9.30,-53.47,0.00,
0.58,9.10,-53.56,0.00,
0.40,8.84,-53.69,0.00,
0.25,8.55,-53.80,0.00,
0.07,8.25,-53.94,0.00,
90.00,90.00,90.00,90.00,
-0.32,7.58,-54.25,0.00,
-0.55,7.16,-54.50,0.00,
-0.71,6.75,-54.83,0.00,
-0.74,6.48,-55.21,0.00,
-0.60,6.38,-56.04,0.00,
90.00,90.00,90.00,90.00,
-0.78,6.25,-34.36,0.00,
-1.06,6.11,-34.91,0.00,
-1.45,6.04,-35.48,0.00,
-1.81,6.09,-36.06,0.00,
-2.08,6.18,-36.45,0.00,
90.00,90.00,90.00,90.00,
-2.86,6.39,-37.76,0.00,
-3.11,6.53,-38.51,0.00,
-3.18,6.69,-39.06,0.00,
-3.17,7.06,-39.93,0.00,
-3.05,7.52,-40.90,0.00,
90.00,90.00,90.00,90.00,
-2.40,8.06,-43.14,0.00,
-2.01,8.06,-44.02,0.00,
-1.21,7.79,-45.46,0.00,
-0.19,7.22,-47.05,0.00,
0.94,6.45,-48.75,0.00,
90.00,90.00,90.00,90.00,
2.99,4.79,-52.03,0.00,
3.49,4.33,-52.97,0.00,
4.06,3.76,-54.09,0.00,
4.45,3.41,-54.87,0.00,
4.73,3.11,-55.36,0.00,
90.00,90.00,90.00,90.00,
5.20,2.36,-55.61,0.00,
5.53,1.79,-55.53,0.00,
5.80,1.06,-55.36,0.00,
6.05,0.25,-55.16,0.00,
6.44,-1.38,-54.83,0.00,
90.00,90.00,90.00,90.00,
6.53,-2.83,-54.81,0.00,
6.51,-3.75,-54.93,0.00,
6.43,-4.66,-55.13,0.00,
6.32,-5.59,-55.43,0.00,
6.03,-6.48,-55.83,0.00,
90.00,90.00,90.00,90.00,
5.69,-8.12,-56.75,0.00,
5.46,-8.93,-57.36,0.00,
5.15,-9.53,-58.06,0.00,
4.79,-9.92,-58.83,0.00,
4.52,-10.34,-59.72,0.00,
90.00,90.00,90.00,90.00,
4.03,-10.89,-61.33,0.00,
3.71,-11.18,-62.29,0.00,
3.41,-11.50,-63.21,0.00,
3.10,-11.86,-64.06,0.00,
2.89,-12.16,-64.56,0.00,
90.00,90.00,90.00,90.00,
2.40,-13.11,-65.83,0.00,
2.31,-13.57,-66.29,0.00,
2.31,-14.14,-66.67,0.00,
2.35,-14.60,-66.93,0.00,
2.51,-15.45,-67.32,0.00,
89.79,89.31,90.21,90.69,
3.15,-16.99,-68.10,0.00,
3.40,-17.33,-68.33,0.00,
3.71,-17.67,-68.58,0.00,
3.86,-17.78,-68.74,0.00,
3.69,-18.18,-68.88,0.00,
89.40,91.24,90.60,88.76,
3.56,-19.19,-69.04,0.00,
3.73,-19.60,-69.13,0.00,
3.94,-19.78,-69.19,0.00,
4.27,-19.84,-69.28,0.00,
4.59,-19.68,-69.41,0.00,
89.16,88.82,90.84,91.18,
5.18,-19.16,-69.80,0.00,
5.30,-18.92,-69.95,0.00,
5.07,-18.43,-70.15,0.00,
4.73,-18.04,-70.34,0.00,
4.45,-17.78,-70.51,0.00,
89.37,91.65,90.63,88.35,
3.74,-17.46,-70.66,0.00,
3.62,-17.32,-70.66,0.00,
3.67,-17.21,-70.60,0.00,
3.78,-17.10,-70.49,0.00,
3.97,-17.10,-70.36,0.00,
89.48,89.18,90.52,90.82,
4.21,-17.30,-70.09,0.00,
4.15,-17.53,-69.92,0.00,
4.14,-17.70,-69.76,0.00,
3.90,-17.63,-69.61,0.00,
3.71,-17.52,-69.53,0.00,
89.47,91.28,90.53,88.72,
3.61,-17.40,-69.55,0.00,
3.61,-17.37,-69.69,0.00,
3.67,-17.36,-69.89,0.00,
3.66,-17.38,-70.03,0.00,
3.73,-17.45,-70.37,0.00,
89.47,89.89,90.53,90.11,
3.50,-16.13,-70.35,0.00,
3.15,-15.00,-70.30,0.00,
2.87,-14.16,-70.29,0.00,
2.40,-12.78,-70.37,0.00,
1.94,-11.56,-70.62,0.00,
90.24,92.18,89.76,87.82,
1.25,-8.91,-71.39,0.00,
0.86,-7.09,-71.77,0.00,
0.53,-5.75,-71.97,0.00,
-0.05,-3.47,-72.14,0.00,
-0.77,-1.10,-72.23,0.00,
91.56,92.91,88.44,87.09,
-1.92,2.94,-72.49,0.00,
-2.05,3.90,-72.61,0.00,
-2.02,4.96,-72.85,0.00,
-1.74,5.64,-73.04,0.00,
-1.40,6.16,-73.14,0.00,
92.34,86.68,87.66,93.32,
-1.19,6.60,-73.14,0.00,
-1.30,6.80,-73.01,0.00,
-1.52,6.87,-72.83,0.00,
-1.76,6.74,-72.60,0.00,
-1.89,6.54,-72.29,0.00,
92.43,89.12,87.57,90.88,
-1.68,6.12,-71.57,0.00,
-1.50,5.97,-71.31,0.00,
-1.21,5.81,-70.90,0.00,
-1.00,5.68,-70.50,0.00,
-1.04,5.28,-69.89,0.00,
92.22,88.65,87.78,91.35,
-1.37,4.91,-69.53,0.00,
-1.40,4.76,-69.46,0.00,
-1.30,4.57,-69.40,0.00,
-1.06,4.45,-69.37,0.00,
-0.74,4.39,-69.35,0.00,
92.10,86.93,87.90,93.07,
-0.28,4.38,-69.36,0.00,
-0.15,4.36,-69.35,0.00,
-0.15,4.36,-69.29,0.00,
-0.31,4.35,-69.19,0.00,
-0.51,4.30,-69.12,0.00,
92.07,89.56,87.93,90.44,
-0.65,4.27,-68.97,0.00,
-0.52,4.27,-68.96,0.00,
-0.26,4.30,-68.97,0.00,
-0.02,4.38,-69.02,0.00,
0.04,4.46,-69.08,0.00,
92.03,88.12,87.97,91.88,
-0.35,4.55,-69.13,0.00,
-0.77,4.65,-69.12,0.00,
-1.15,4.82,-69.11,0.00,
-1.41,5.04,-69.09,0.00,
-1.52,5.20,-69.10,0.00,
92.26,89.06,87.74,90.94,
-1.45,5.51,-69.21,0.00,
-1.33,5.65,-69.29,0.00,
-1.26,5.76,-69.37,0.00,
-1.24,5.78,-69.40,0.00,
-1.08,5.92,-69.44,0.00,
92.29,87.62,87.71,92.38,
-0.86,5.99,-69.32,0.00,
-0.80,5.94,-69.23,0.00,
-0.83,5.91,-69.15,0.00,
-1.02,5.87,-69.01,0.00,
-1.43,5.90,-68.83,0.00,
92.32,90.53,87.68,89.47,
-2.81,6.37,-68.38,0.00,
-3.43,6.78,-68.15,0.00,
-4.55,7.60,-67.79,0.00,
-6.00,8.39,-67.44,0.00,
-7.84,9.05,-67.12,0.00,
93.28,98.58,86.72,81.42,
-12.52,10.67,-66.38,0.00,
-14.19,11.40,-66.13,0.00,
-16.37,12.50,-65.70,0.00,
-17.89,13.45,-65.13,0.00,
-18.54,14.30,-64.33,0.00,
94.87,92.65,85.13,87.35,
-18.27,15.37,-62.48,0.00,
-17.70,15.69,-61.15,0.00,
-16.75,15.37,-59.74,0.00,
-15.67,14.68,-58.30,0.00,
-14.55,13.90,-56.88,0.00,
94.43,83.89,85.57,96.11,
-12.62,12.21,-54.53,0.00,
-11.78,11.25,-53.68,0.00,
-11.05,10.16,-53.15,0.00,
-10.67,9.38,-52.95,0.00,
-9.65,7.49,-53.09,0.00,
93.30,83.82,86.70,96.18,
-9.23,6.18,-54.11,0.00,
-9.41,5.76,-54.83,0.00,
-9.85,5.44,-55.68,0.00,
-10.19,5.34,-56.32,0.00,
-10.49,5.49,-57.40,0.00,
93.19,90.91,86.81,89.09,
-9.41,6.27,-59.66,0.00,
-8.10,6.71,-60.80,0.00,
-7.09,6.90,-61.52,0.00,
-5.54,6.98,-62.45,0.00,
-4.29,6.85,-63.12,0.00,
92.70,82.16,87.30,97.84,
-4.83,6.79,-63.44,0.00,
-6.73,7.21,-63.21,0.00,
-11.91,8.06,-62.81,0.00,
-19.61,8.86,-62.68,0.00,
-28.40,9.56,-63.36,0.00,
95.38,137.81,84.62,42.19,
-42.38,12.80,-66.85,0.00,
-44.37,14.82,-68.40,0.00,
-44.43,17.94,-70.45,0.00,
-41.54,20.23,-71.54,0.00,
-36.90,21.33,-71.56,0.00,
97.41,66.44,82.59,113.56,
-29.28,20.93,-70.45,0.00,
-26.17,19.62,-69.65,0.00,
-24.03,17.62,-69.06,0.00,
-22.38,15.33,-68.56,0.00,
-19.88,11.96,-67.42,0.00,
94.77,76.30,85.23,103.70,
-18.32,9.62,-66.48,0.00,
-17.90,8.12,-66.01,0.00,
-17.88,6.67,-65.66,0.00,
-18.08,5.56,-65.47,0.00,
-18.48,5.26,-65.59,0.00,
93.96,92.34,86.04,87.66,
-18.13,5.29,-65.99,0.00,
-17.59,5.67,-66.30,0.00,
-16.78,6.17,-66.53,0.00,
-15.78,6.73,-66.60,0.00,
-14.78,7.11,-66.56,0.00,
93.78,84.60,86.22,95.40,
-13.19,7.17,-66.40,0.00,
-12.29,7.23,-66.28,0.00,
-11.93,7.53,-66.18,0.00,
-13.36,8.23,-65.92,0.00,
-18.11,9.27,-65.61,0.00,
94.33,115.25,85.67,64.75,
-32.21,10.95,-66.09,0.00,
-41.31,12.05,-67.67,0.00,
-48.41,13.67,-70.37,0.00,
-52.17,16.03,-73.83,0.00,
-52.56,17.99,-76.10,0.00,
98.64,94.49,81.36,85.51,
-46.45,23.95,-79.58,0.00,
-42.26,25.70,-79.16,0.00,
-38.70,25.88,-78.02,0.00,
-36.72,25.17,-77.07,0.00,
-32.31,19.95,-73.66,0.00,
96.81,67.30,83.19,112.70,
-29.94,16.22,-71.34,0.00,
-28.55,14.13,-70.02,0.00,
-27.39,11.94,-68.99,0.00,
-26.44,9.88,-68.27,0.00,
-25.73,8.73,-67.95,0.00,
95.03,86.78,84.97,93.22,
-23.11,6.52,-67.28,0.00,
-21.71,5.55,-67.06,0.00,
-20.38,4.52,-66.88,0.00,
-19.53,3.88,-66.75,0.00,
-18.38,2.99,-66.51,0.00,
93.73,84.47,86.27,95.53,
-16.81,1.74,-65.99,0.00,
-16.26,1.41,-65.74,0.00,
-15.94,1.28,-65.61,0.00,
-15.49,1.12,-65.46,0.00,
-15.04,1.10,-65.34,0.00,
93.20,87.86,86.80,92.14,
-14.43,1.79,-65.12,0.00,
-14.27,2.02,-65.11,0.00,
-14.16,2.34,-65.13,0.00,
-14.01,2.60,-65.20,0.00,
-13.92,3.03,-65.27,0.00,
93.28,89.50,86.72,90.50,
-13.71,4.33,-65.49,0.00,
-13.55,4.70,-65.63,0.00,
-13.03,5.13,-65.96,0.00,
-11.79,5.53,-66.43,0.00,
-5.29,5.94,-67.38,0.00,
92.71,53.99,87.29,126.01,
6.16,5.14,-68.32,0.00,
14.68,4.22,-68.69,0.00,
22.55,2.75,-68.90,0.00,
28.78,1.16,-68.83,0.00,
33.03,-0.05,-68.42,0.00,
88.28,62.80,91.72,117.20,
35.46,-1.02,-67.15,0.00,
34.46,-0.88,-66.11,0.00,
31.59,-0.48,-65.08,0.00,
27.36,0.08,-64.41,0.00,
22.68,0.85,-64.14,0.00,
89.41,111.62,90.59,68.38,
15.86,3.20,-64.54,0.00,
13.08,5.59,-65.21,0.00,
11.11,8.15,-66.13,0.00,
9.77,10.53,-67.23,0.00,
8.80,12.56,-68.38,0.00,
91.96,92.16,88.04,87.84,
7.27,14.71,-70.13,0.00,
6.10,15.46,-71.00,0.00,
4.73,16.03,-71.71,0.00,
3.74,16.36,-72.11,0.00,
2.25,16.80,-72.60,0.00,
93.04,94.99,86.96,85.01,
0.16,16.80,-73.27,0.00,
-0.44,16.67,-73.44,0.00,
-0.66,16.56,-73.47,0.00,
-0.59,16.21,-73.38,0.00,
0.19,15.06,-72.90,0.00,
93.08,83.31,86.92,96.69,
0.63,13.25,-72.35,0.00,
0.49,12.37,-72.03,0.00,
0.16,11.49,-71.73,0.00,
-0.15,10.89,-71.56,0.00,
-0.62,9.96,-71.31,0.00,
92.65,90.36,87.35,89.64,
-1.26,8.02,-70.90,0.00,
-1.47,7.40,-70.81,0.00,
-1.83,6.68,-70.67,0.00,
-2.29,6.26,-70.55,0.00,
-2.92,5.95,-70.46,0.00,
92.48,91.83,87.52,88.17,
-4.28,5.12,-70.61,0.00,
-4.53,4.77,-70.75,0.00,
-4.62,4.30,-71.00,0.00,
-4.46,4.11,-71.25,0.00,
-4.17,4.14,-71.52,0.00,
92.42,87.31,87.58,92.69,
-3.11,3.55,-72.31,0.00,
-1.00,1.90,-73.51,0.00,
3.05,-0.31,-75.35,0.00,
8.45,-3.05,-77.54,0.00,
14.46,-6.14,-79.84,0.00,
89.53,55.84,90.47,124.16,
23.63,-10.80,-82.81,0.00,
27.26,-12.97,-83.56,0.00,
29.33,-14.51,-83.48,0.00,
29.99,-15.08,-82.52,0.00,
27.04,-12.24,-78.02,0.00,
87.66,103.17,92.34,76.83,
21.35,-7.78,-73.94,0.00,
17.46,-5.03,-72.07,0.00,
13.98,-1.96,-70.72,0.00,
12.07,0.26,-70.08,0.00,
9.68,3.61,-69.36,0.00,
90.98,99.92,89.02,80.08,
5.96,9.97,-68.68,0.00,
4.51,11.95,-68.88,0.00,
3.64,12.77,-69.10,0.00,
2.45,13.59,-69.48,0.00,
1.44,14.03,-69.91,0.00,
92.85,92.76,87.15,87.24,
-0.02,14.06,-70.49,0.00,
-0.33,13.85,-70.52,0.00,
-0.83,13.86,-70.41,0.00,
-1.30,13.85,-70.20,0.00,
-1.79,13.82,-69.93,0.00,
93.15,90.20,86.85,89.80,
-3.23,14.16,-69.44,0.00,
-5.44,14.64,-69.13,0.00,
-9.59,15.26,-68.82,0.00,
-15.84,15.64,-68.64,0.00,
-23.67,15.64,-68.54,0.00,
95.52,131.66,84.48,48.34,
-36.03,14.28,-68.45,0.00,
-39.96,13.18,-68.16,0.00,
-40.58,12.74,-67.66,0.00,
-38.66,13.33,-66.95,0.00,
-31.36,15.12,-64.71,0.00,
96.24,52.75,83.76,127.25,
-23.05,13.23,-61.86,0.00,
-20.01,11.58,-60.80,0.00,
-17.73,9.78,-59.86,0.00,
-16.36,8.02,-59.10,0.00,
-15.69,7.10,-58.66,0.00,
93.87,86.15,86.13,93.85,
-14.19,5.47,-57.84,0.00,
-13.57,4.98,-57.86,0.00,
-12.87,4.58,-58.17,0.00,
-12.34,4.42,-58.51,0.00,
-11.83,4.65,-59.22,0.00,
93.24,86.89,86.76,93.11,
-10.42,5.25,-60.54,0.00,
-10.04,5.46,-60.91,0.00,
-9.63,5.62,-61.40,0.00,
-9.31,5.57,-61.77,0.00,
-9.00,5.37,-62.03,0.00,
93.02,87.63,86.98,92.37,
-8.28,4.83,-62.28,0.00,
-7.60,4.49,-62.35,0.00,
-6.68,4.07,-62.38,0.00,
-5.63,3.68,-62.34,0.00,
-4.54,3.46,-62.21,0.00,
92.39,83.51,87.61,96.49,
-2.45,3.34,-61.82,0.00,
-1.42,3.32,-61.79,0.00,
1.27,3.23,-62.06,0.00,
6.24,2.05,-63.14,0.00,
23.02,-4.43,-68.22,0.00,
88.84,0.00,91.16,175.00,
36.49,-10.85,-72.83,0.00,
41.35,-12.55,-73.58,0.00,
42.47,-12.77,-72.02,0.00,
40.17,-11.67,-68.56,0.00,
36.53,-8.90,-64.32,0.00,
87.04,105.58,92.96,74.42,
29.62,-3.99,-58.91,0.00,
25.88,-1.47,-57.68,0.00,
23.05,0.74,-57.60,0.00,
20.86,3.30,-58.24,0.00,
18.84,5.94,-59.43,0.00,
90.30,97.23,89.70,82.77,
15.08,10.01,-61.91,0.00,
12.45,12.13,-63.48,0.00,
9.89,13.81,-64.86,0.00,
8.33,14.78,-65.58,0.00,
6.31,16.09,-66.31,0.00,
92.57,97.11,87.43,82.89,
3.85,18.08,-66.47,0.00,
3.10,18.48,-66.16,0.00,
2.65,18.47,-65.93,0.00,
2.01,18.13,-65.56,0.00,
1.51,17.56,-65.19,0.00,
93.19,89.66,86.81,90.34,
1.12,16.15,-64.43,0.00,
1.06,15.58,-64.22,0.00,
0.99,14.65,-63.97,0.00,
0.95,13.71,-63.81,0.00,
0.78,11.80,-63.69,0.00,
92.69,88.50,87.31,91.50,
-2.72,10.36,-63.58,0.00,
-5.96,9.83,-63.64,0.00,
-13.12,8.61,-63.94,0.00,
-22.39,7.23,-64.15,0.00,
-32.07,6.18,-64.12,0.00,
95.41,141.52,84.59,38.48,
-42.93,7.12,-64.57,0.00,
-43.84,8.99,-65.56,0.00,
-41.06,11.17,-66.60,0.00,
-36.27,13.51,-67.17,0.00,
-31.01,15.34,-67.27,0.00,
96.22,62.27,83.78,117.73,
-23.26,15.81,-67.21,0.00,
-19.86,14.70,-67.34,0.00,
-17.44,13.07,-67.67,0.00,
-15.60,11.44,-68.00,0.00,
-14.07,10.19,-68.27,0.00,
94.01,81.33,85.99,98.67,
-11.98,8.40,-68.69,0.00,
-10.97,7.31,-69.00,0.00,
-10.07,6.22,-69.37,0.00,
-9.20,5.21,-69.76,0.00,
-8.35,4.42,-70.15,0.00,
92.86,84.87,87.14,95.13,
-7.35,3.76,-70.79,0.00,
-7.06,3.60,-71.11,0.00,
-6.53,3.23,-71.36,0.00,
-6.62,3.21,-71.56,0.00,
-6.44,3.47,-71.88,0.00,
92.58,88.23,87.42,91.77,
-6.19,3.76,-72.21,0.00,
-5.87,4.10,-72.41,0.00,
-5.48,4.59,-72.59,0.00,
-5.00,5.25,-72.77,0.00,
-4.71,5.80,-72.85,0.00,
92.64,87.20,87.36,92.80,
-4.52,7.40,-72.97,0.00,
-5.11,8.25,-72.88,0.00,
-5.94,9.35,-72.67,0.00,
-6.61,10.17,-72.49,0.00,
-7.63,11.58,-72.18,0.00,
93.51,93.75,86.49,86.25,
-9.14,15.72,-71.38,0.00,
-9.59,18.27,-70.98,0.00,
-9.79,20.03,-70.72,0.00,
-9.95,22.62,-70.30,0.00,
-9.90,24.90,-69.89,0.00,
95.07,87.13,84.93,92.87,
-9.45,27.72,-69.21,0.00,
-9.14,27.38,-69.00,0.00,
-8.73,27.10,-68.88,0.00,
-8.34,26.29,-68.81,0.00,
-8.04,24.88,-68.80,0.00,
94.88,85.59,85.12,94.41,
-7.67,21.02,-68.93,0.00,
-7.45,18.03,-69.06,0.00,
-7.21,14.93,-69.21,0.00,
-7.00,12.19,-69.29,0.00,
-6.58,8.77,-69.04,0.00,
93.12,86.53,86.88,93.47,
-6.38,7.52,-68.52,0.00,
-6.33,7.01,-68.24,0.00,
-6.23,6.52,-68.05,0.00,
-6.00,6.27,-67.95,0.00,
-5.67,6.35,-67.93,0.00,
92.79,87.09,87.21,92.91,
-5.14,6.95,-68.17,0.00,
-4.93,7.40,-68.51,0.00,
-4.76,7.87,-69.01,0.00,
-4.62,8.45,-69.64,0.00,
-4.40,9.21,-70.34,0.00,
92.95,87.21,87.05,92.79,
-3.90,10.32,-71.63,0.00,
-3.57,10.69,-72.47,0.00,
-3.14,11.06,-73.26,0.00,
-2.68,11.43,-73.98,0.00,
-2.36,11.58,-74.62,0.00,
92.98,86.29,87.02,93.71,
-2.12,11.44,-75.47,0.00,
-2.06,11.36,-75.80,0.00,
-2.04,11.25,-76.05,0.00,
-1.97,11.03,-76.27,0.00,
-1.88,10.74,-76.50,0.00,
92.85,87.49,87.15,92.51,
-1.77,10.50,-76.83,0.00,
-1.55,10.48,-76.97,0.00,
-1.27,10.45,-77.07,0.00,
-1.06,10.42,-77.12,0.00,
-0.46,9.94,-77.23,0.00,
92.63,84.71,87.37,95.29,
-0.42,8.81,-77.39,0.00,
-0.48,8.25,-77.48,0.00,
-0.63,7.24,-77.67,0.00,
-0.77,5.55,-77.97,0.00,
-0.90,2.61,-78.32,0.00,
91.94,89.39,88.06,90.61,
-0.98,-4.34,-78.93,0.00,
-0.95,-6.33,-79.05,0.00,
-0.94,-8.50,-79.14,0.00,
-1.02,-9.48,-79.15,0.00,
-1.16,-9.21,-79.14,0.00,
90.78,90.63,89.22,89.37,
-1.45,-6.18,-79.18,0.00,
-1.65,-3.28,-79.28,0.00,
-1.92,0.42,-79.36,0.00,
-2.35,4.57,-79.43,0.00,
-2.88,8.49,-79.58,0.00,
92.73,91.18,87.27,88.82,
-3.78,13.76,-80.12,0.00,
-4.01,15.51,-80.62,0.00,
-3.95,16.23,-81.13,0.00,
-3.76,16.23,-81.62,0.00,
-3.58,15.46,-82.04,0.00,
93.49,86.70,86.51,93.30,
-3.47,12.66,-82.66,0.00,
-3.48,10.35,-82.91,0.00,
-3.46,7.57,-83.05,0.00,
-3.31,4.66,-83.07,0.00,
-2.89,0.92,-82.79,0.00,
91.97,86.80,88.03,93.20,
-2.37,-1.10,-82.04,0.00,
-2.24,-0.98,-81.52,0.00,
-2.28,-0.21,-80.94,0.00,
-2.39,0.52,-80.53,0.00,
-2.64,1.78,-79.91,0.00,
92.03,90.25,87.97,89.75,
-3.32,5.01,-78.65,0.00,
-3.71,6.55,-78.14,0.00,
-4.08,7.64,-77.76,0.00,
-4.42,8.41,-77.52,0.00,
-4.75,8.79,-77.37,0.00,
92.94,90.21,87.06,89.79,
-5.03,8.42,-77.19,0.00,
-5.01,7.97,-77.08,0.00,
-4.93,7.71,-76.98,0.00,
-4.80,7.54,-76.89,0.00,
-4.71,7.44,-76.85,0.00,
92.80,88.13,87.20,91.87,
-4.44,6.91,-76.92,0.00,
-4.39,6.56,-77.09,0.00,
-4.42,6.38,-77.20,0.00,
-4.57,6.19,-77.35,0.00,
-4.76,6.18,-77.48,0.00,
92.68,89.69,87.32,90.31,
-5.00,6.32,-77.72,0.00,
-5.04,6.32,-77.79,0.00,
-5.02,6.43,-77.87,0.00,
-4.94,6.60,-77.95,0.00,
-4.79,6.72,-78.13,0.00,
92.74,87.92,87.26,92.08,
-4.80,6.91,-78.33,0.00,
-4.77,7.04,-78.44,0.00,
-4.73,7.02,-78.54,0.00,
-4.68,6.92,-78.64,0.00,
-4.67,6.92,-78.76,0.00,
92.75,88.58,87.25,91.42,
-4.37,7.00,-79.09,0.00,
-3.83,6.75,-79.41,0.00,
-2.98,6.11,-79.83,0.00,
-2.06,5.37,-80.23,0.00,
0.06,4.02,-81.01,0.00,
91.98,77.50,88.02,102.50,
5.43,2.28,-82.74,0.00,
7.66,2.02,-83.35,0.00,
8.74,2.01,-83.58,0.00,
9.61,1.99,-83.69,0.00,
9.66,1.97,-83.50,0.00,
90.82,87.46,89.18,92.54,
8.29,2.72,-82.34,0.00,
7.63,3.18,-81.83,0.00,
6.59,3.97,-81.09,0.00,
5.59,4.82,-80.40,0.00,
4.68,5.82,-79.82,0.00,
91.70,92.70,88.30,87.30,
3.10,7.54,-78.96,0.00,
2.59,8.08,-78.74,0.00,
1.67,8.90,-78.45,0.00,
0.59,9.54,-78.22,0.00,
-1.59,10.15,-77.95,0.00,
92.76,99.31,87.24,80.69,
-2.93,10.36,-77.85,0.00,
-3.17,10.36,-77.84,0.00,
-2.44,10.00,-77.96,0.00,
0.14,9.02,-78.26,0.00,
2.98,8.20,-78.47,0.00,
92.11,72.57,87.89,107.43,
13.39,6.47,-78.70,0.00,
18.27,5.33,-78.61,0.00,
21.95,4.15,-78.44,0.00,
23.41,3.55,-78.25,0.00,
23.97,2.92,-77.79,0.00,
89.48,83.27,90.52,96.73,
20.34,2.12,-76.55,0.00,
18.36,2.15,-76.09,0.00,
15.33,2.72,-75.42,0.00,
12.54,3.88,-74.80,0.00,
10.26,5.39,-74.27,0.00,
91.10,99.54,88.90,80.46,
7.26,8.83,-73.76,0.00,
6.64,9.89,-73.75,0.00,
5.78,11.22,-73.84,0.00,
5.01,12.19,-73.97,0.00,
4.24,12.76,-74.19,0.00,
92.44,91.18,87.56,88.82,
2.86,12.55,-74.76,0.00,
1.89,12.16,-75.12,0.00,
0.81,12.09,-75.40,0.00,
-0.26,12.36,-75.66,0.00,
-2.17,12.56,-76.09,0.00,
93.06,97.68,86.94,82.32,
-3.15,11.84,-76.33,0.00,
-3.35,11.41,-76.35,0.00,
-3.19,11.28,-76.25,0.00,
-2.94,11.30,-76.13,0.00,
-2.61,11.36,-75.89,0.00,
92.98,86.20,87.02,93.80,
-2.59,10.62,-75.37,0.00,
-2.88,10.19,-75.16,0.00,
-3.14,10.02,-75.07,0.00,
-3.55,9.92,-75.00,0.00,
-3.90,9.96,-74.99,0.00,
92.97,90.13,87.03,89.87,
-4.18,10.24,-74.98,0.00,
-4.25,10.36,-74.99,0.00,
-4.45,10.52,-75.04,0.00,
-4.75,10.80,-75.12,0.00,
-5.19,11.22,-75.21,0.00,
93.23,90.54,86.77,89.46,
-6.66,12.02,-75.35,0.00,
-7.34,12.18,-75.34,0.00,
-8.53,12.61,-75.27,0.00,
-9.88,13.44,-75.14,0.00,
-11.35,14.36,-74.92,0.00,
94.16,96.15,85.84,83.85,
-14.10,15.55,-74.37,0.00,
-15.88,16.29,-73.95,0.00,
-17.65,17.09,-73.55,0.00,
-19.23,17.96,-73.12,0.00,
-21.67,19.95,-72.03,0.00,
95.75,102.12,84.25,77.88,
-23.03,21.52,-70.81,0.00,
-23.51,21.92,-69.94,0.00,
-23.67,21.93,-68.88,0.00,
-23.60,21.83,-68.11,0.00,
-23.25,21.61,-66.93,0.00,
96.07,87.12,83.93,92.88,
-22.27,20.74,-64.75,0.00,
-21.67,19.90,-63.79,0.00,
-21.18,19.16,-63.16,0.00,
-20.31,18.08,-62.40,0.00,
-19.14,16.77,-61.78,0.00,
95.18,83.05,84.82,96.95,
-15.69,14.02,-61.00,0.00,
-13.35,12.81,-60.81,0.00,
-11.61,11.96,-60.72,0.00,
-8.75,10.36,-60.72,0.00,
-5.32,8.52,-60.76,0.00,
92.97,70.84,87.03,109.16,
3.60,4.22,-61.15,0.00,
7.36,2.59,-61.45,0.00,
13.17,0.32,-61.97,0.00,
18.63,-1.66,-62.52,0.00,
23.27,-3.28,-62.99,0.00,
88.93,61.99,91.07,118.01,
28.02,-4.46,-63.00,0.00,
28.51,-4.03,-62.51,0.00,
27.70,-3.43,-62.00,0.00,
26.27,-3.08,-61.69,0.00,
25.17,-3.00,-61.90,0.00,
88.77,92.34,91.23,87.66,
26.28,-2.65,-62.15,0.00,
27.26,-2.14,-62.16,0.00,
28.11,-1.54,-62.14,0.00,
28.83,-1.27,-62.26,0.00,
29.45,-1.54,-62.61,0.00,
88.49,82.74,91.51,97.26,
30.60,-2.59,-63.39,0.00,
31.53,-2.91,-63.74,0.00,
32.25,-2.57,-63.71,0.00,
32.39,-2.03,-63.47,0.00,
31.93,-1.13,-62.93,0.00,
88.28,88.14,91.72,91.86,
28.70,0.44,-61.66,0.00,
26.32,1.31,-61.06,0.00,
23.79,2.20,-60.54,0.00,
22.07,2.92,-60.23,0.00,
19.49,4.45,-59.80,0.00,
90.09,100.31,89.91,79.69,
14.28,8.50,-59.30,0.00,
11.51,10.60,-59.30,0.00,
9.59,11.88,-59.46,0.00,
6.66,13.47,-59.96,0.00,
3.83,14.68,-60.65,0.00,
92.67,101.68,87.33,78.32,
-1.11,16.26,-62.12,0.00,
-2.49,16.73,-62.59,0.00,
-4.26,17.51,-63.24,0.00,
-5.85,18.47,-63.76,0.00,
-8.86,20.41,-64.49,0.00,
94.51,103.86,85.49,76.14,
-11.13,20.89,-64.85,0.00,
-12.04,20.61,-64.83,0.00,
-12.43,20.26,-64.58,0.00,
-11.95,19.83,-64.04,0.00,
-11.60,19.50,-63.62,0.00,
94.70,86.19,85.30,93.81,
-10.30,17.04,-62.21,0.00,
-9.72,15.21,-61.52,0.00,
-9.23,13.35,-60.86,0.00,
-8.89,12.11,-60.43,0.00,
-8.18,10.04,-59.78,0.00,
93.41,84.89,86.59,95.11,
-6.02,5.76,-58.60,0.00,
-4.76,3.97,-58.18,0.00,
-3.55,2.55,-57.88,0.00,
-2.52,1.40,-57.70,0.00,
-1.73,0.31,-57.60,0.00,
91.79,84.77,88.21,95.23,
-1.08,-1.33,-57.65,0.00,
-0.66,-2.04,-57.76,0.00,
-0.51,-2.41,-57.89,0.00,
-0.32,-2.59,-58.07,0.00,
-0.09,-2.54,-58.22,0.00,
91.34,87.94,88.66,92.06,
0.19,-1.38,-58.88,0.00,
-0.37,-0.48,-59.32,0.00,
-1.21,0.70,-59.81,0.00,
-1.89,1.68,-60.20,0.00,
-4.35,5.39,-61.60,0.00,
92.56,101.49,87.44,78.51,
-6.57,9.02,-63.18,0.00,
-7.17,9.95,-63.65,0.00,
-7.92,11.40,-64.26,0.00,
-8.57,12.98,-64.79,0.00,
-9.24,14.48,-65.25,0.00,
93.96,91.79,86.04,88.21,
-10.75,16.26,-65.87,0.00,
-11.94,16.72,-66.16,0.00,
-13.23,16.75,-66.49,0.00,
-14.15,16.25,-66.69,0.00,
-14.29,15.30,-66.73,0.00,
94.55,89.53,85.45,90.47,
-12.22,13.26,-66.44,0.00,
-9.97,12.08,-66.17,0.00,
-7.51,10.99,-65.89,0.00,
-5.23,9.92,-65.63,0.00,
-4.00,9.13,-65.50,0.00,
92.90,81.76,87.10,98.24,
-2.27,6.06,-65.28,0.00,
-2.28,4.30,-65.28,0.00,
-2.46,2.99,-65.31,0.00,
-2.60,2.46,-65.32,0.00,
-2.94,2.15,-65.38,0.00,
92.10,90.72,87.90,89.28,
-4.36,2.81,-65.57,0.00,
-5.17,3.33,-65.66,0.00,
-6.85,4.34,-65.85,0.00,
-9.08,5.54,-66.10,0.00,
-14.42,8.46,-66.74,0.00,
93.88,117.08,86.12,62.92,
-18.35,11.25,-67.43,0.00,
-19.92,13.22,-67.76,0.00,
-20.62,15.45,-67.86,0.00,
-20.59,17.68,-67.71,0.00,
-20.37,18.90,-67.49,0.00,
95.52,87.82,84.48,92.18,
-19.50,20.91,-66.48,0.00,
-19.06,20.67,-65.88,0.00,
-18.52,19.57,-65.24,0.00,
-18.02,18.45,-64.81,0.00,
-16.97,16.37,-64.16,0.00,
94.92,83.33,85.08,96.67,
-14.06,12.11,-62.96,0.00,
-12.62,10.09,-62.53,0.00,
-11.81,8.67,-62.36,0.00,
-10.95,6.41,-62.25,0.00,
-10.62,4.02,-62.34,0.00,
93.05,87.83,86.95,92.17,
-11.43,-0.41,-63.10,0.00,
-11.97,-1.52,-63.48,0.00,
-12.74,-3.06,-64.12,0.00,
-13.31,-4.44,-64.87,0.00,
-13.61,-5.29,-65.74,0.00,
92.42,92.35,87.58,87.65,
-13.73,-4.80,-67.71,0.00,
-13.67,-4.11,-68.45,0.00,
-13.55,-2.81,-69.60,0.00,
-13.46,-1.08,-70.79,0.00,
-13.15,4.11,-73.31,0.00,
93.31,88.11,86.69,91.89,
-12.70,8.47,-75.50,0.00,
-12.39,11.00,-76.82,0.00,
-12.07,13.79,-78.17,0.00,
-11.85,15.67,-79.03,0.00,
-11.57,18.30,-80.28,0.00,
94.57,86.71,85.43,93.29,
-11.28,22.12,-82.38,0.00,
-10.93,23.33,-83.34,0.00,
-10.47,23.74,-83.89,0.00,
-9.40,23.78,-84.53,0.00,
-7.85,23.17,-84.93,0.00,
94.69,79.34,85.31,100.66,
-3.29,19.70,-85.47,0.00,
-1.43,17.92,-85.61,0.00,
1.40,15.13,-85.79,0.00,
4.14,12.41,-85.87,0.00,
6.78,9.72,-85.82,0.00,
91.88,73.60,88.12,106.40,
12.17,4.49,-85.00,0.00,
14.11,2.96,-84.49,0.00,
16.98,1.09,-83.45,0.00,
19.34,-0.18,-82.04,0.00,
20.72,-0.85,-80.22,0.00,
89.43,79.49,90.57,100.51,
20.47,-1.11,-76.63,0.00,
18.89,-0.86,-74.34,0.00,
16.45,-0.08,-72.11,0.00,
13.48,1.30,-70.07,0.00,
7.88,4.44,-67.41,0.00,
91.24,117.64,88.76,62.36,
1.19,9.27,-65.65,0.00,
-1.87,12.48,-65.21,0.00,
-4.63,16.05,-64.93,0.00,
-6.96,19.60,-64.80,0.00,
-8.30,21.70,-64.81,0.00,
94.59,94.72,85.41,85.28,
-11.58,26.53,-65.02,0.00,
-13.05,28.30,-65.18,0.00,
-13.94,29.17,-65.31,0.00,
-15.02,29.90,-65.50,0.00,
-15.70,29.89,-65.57,0.00,
96.15,90.96,83.85,89.04,
-15.66,27.60,-65.26,0.00,
-15.28,26.31,-65.05,0.00,
-14.24,23.69,-64.62,0.00,
-13.20,20.91,-64.34,0.00,
-12.06,17.74,-64.21,0.00,
94.57,82.19,85.43,97.81,
-10.20,11.78,-64.29,0.00,
-9.22,8.16,-64.50,0.00,
-8.35,4.79,-64.75,0.00,
-7.58,1.90,-65.04,0.00,
-6.95,-0.18,-65.30,0.00,
92.27,86.29,87.73,93.71,
-6.20,-2.27,-65.67,0.00,
-5.90,-3.10,-65.92,0.00,
-5.60,-3.67,-66.22,0.00,
-5.31,-3.81,-66.60,0.00,
-5.01,-2.39,-67.36,0.00,
91.85,88.03,88.15,91.97,
-5.49,0.54,-67.94,0.00,
-6.03,3.21,-68.34,0.00,
-6.65,6.00,-68.85,0.00,
-7.10,7.64,-69.26,0.00,
-7.71,9.81,-69.93,0.00,
93.34,91.81,86.66,88.19,
-8.13,13.83,-71.57,0.00,
-7.88,15.63,-72.40,0.00,
-7.58,17.15,-73.18,0.00,
-7.44,17.93,-73.67,0.00,
-7.46,18.65,-74.39,0.00,
94.20,87.82,85.80,92.18,
-8.26,18.88,-75.77,0.00,
-8.62,18.61,-76.20,0.00,
-8.99,18.04,-76.73,0.00,
-8.97,17.30,-77.04,0.00,
-8.62,16.41,-77.16,0.00,
94.09,86.28,85.91,93.72,
-7.75,14.29,-76.99,0.00,
-7.22,12.61,-76.67,0.00,
-7.00,10.74,-76.20,0.00,
-7.18,9.06,-75.68,0.00,
-7.70,7.74,-75.14,0.00,
93.13,91.66,86.87,88.34,
-9.28,5.83,-74.34,0.00,
-10.61,4.83,-73.96,0.00,
-12.07,4.30,-73.62,0.00,
-13.62,4.32,-73.40,0.00,
-16.78,5.08,-73.33,0.00,
93.77,105.33,86.23,74.67,
-19.16,6.11,-73.65,0.00,
-20.34,7.26,-74.07,0.00,
-21.09,9.09,-74.61,0.00,
-21.18,11.50,-75.16,0.00,
-20.69,13.70,-75.67,0.00,
95.03,87.06,84.97,92.94,
-18.92,15.60,-76.43,0.00,
-17.38,16.07,-76.90,0.00,
-15.64,16.34,-77.45,0.00,
-13.68,16.51,-78.10,0.00,
-11.71,16.68,-78.80,0.00,
94.43,77.84,85.57,102.16,
-9.36,16.53,-80.03,0.00,
-8.99,15.76,-80.82,0.00,
-9.16,14.57,-81.68,0.00,
-9.89,13.01,-82.65,0.00,
-10.56,12.01,-83.34,0.00,
93.84,92.29,86.16,87.71,
-12.19,10.05,-85.21,0.00,
-12.67,9.49,-86.03,0.00,
-13.09,9.13,-86.80,0.00,
-13.70,9.20,-87.54,0.00,
-14.51,9.84,-88.30,0.00,
94.02,93.41,85.98,86.59,
-17.16,13.01,-90.20,0.00,
-18.33,14.50,-91.03,0.00,
-20.18,17.07,-92.50,0.00,
-21.93,20.04,-94.16,0.00,
-24.61,26.74,-98.15,0.00,
96.72,103.02,83.28,76.98,
-24.71,29.30,-100.27,0.00,
-24.09,29.88,-101.23,0.00,
-22.97,30.14,-101.95,0.00,
-21.48,30.26,-102.47,0.00,
-20.47,30.11,-102.71,0.00,
96.65,82.50,83.35,97.50,
-18.21,26.90,-103.10,0.00,
-17.85,23.83,-103.20,0.00,
-18.09,20.32,-103.15,0.00,
-18.84,17.02,-102.86,0.00,
-19.76,14.01,-102.24,0.00,
94.97,94.25,85.03,85.75,
-20.37,9.31,-100.29,0.00,
-19.73,6.62,-98.76,0.00,
-18.32,4.29,-97.15,0.00,
-17.11,3.01,-96.04,0.00,
-15.12,1.43,-94.29,0.00,
93.24,79.97,86.76,100.03,
-11.56,-0.13,-90.34,0.00,
-10.37,0.23,-88.12,0.00,
-9.72,0.95,-85.78,0.00,
-9.55,1.69,-83.44,0.00,
-9.59,2.10,-81.97,0.00,
92.76,89.85,87.24,90.15,
-8.94,3.49,-78.34,0.00,
-8.29,4.65,-76.94,0.00,
-7.82,6.09,-75.80,0.00,
-7.69,7.20,-75.17,0.00,
-8.14,10.85,-73.89,0.00,
93.49,90.91,86.51,89.09,
-8.16,12.90,-73.58,0.00,
-7.40,13.13,-73.58,0.00,
-5.61,13.09,-73.58,0.00,
-3.32,12.68,-73.57,0.00,
-0.84,11.90,-73.58,0.00,
92.86,74.91,87.14,105.09,
4.20,8.83,-73.91,0.00,
5.85,7.54,-74.12,0.00,
8.04,5.51,-74.54,0.00,
9.78,3.46,-75.00,0.00,
11.14,1.58,-75.41,0.00,
90.63,80.33,89.37,99.67,
13.68,-1.60,-75.97,0.00,
14.60,-2.24,-76.03,0.00,
15.99,-2.62,-75.97,0.00,
17.42,-2.37,-75.65,0.00,
18.79,-1.74,-75.15,0.00,
89.54,80.32,90.46,99.68,
20.57,-0.19,-73.76,0.00,
20.80,0.33,-73.21,0.00,
20.87,1.05,-72.41,0.00,
20.62,1.74,-71.63,0.00,
20.03,2.60,-70.95,0.00,
89.84,89.64,90.16,90.36,
17.41,4.84,-69.98,0.00,
14.94,6.30,-69.64,0.00,
12.86,7.40,-69.48,0.00,
9.12,9.22,-69.42,0.00,
0.22,12.68,-70.08,0.00,
92.83,135.23,87.17,44.77,
-6.68,14.77,-71.66,0.00,
-9.68,16.18,-72.81,0.00,
-11.59,18.51,-73.79,0.00,
-12.40,22.09,-74.52,0.00,
-12.64,25.93,-75.14,0.00,
95.44,88.79,84.56,91.21,
-13.05,30.41,-76.41,0.00,
-13.54,31.55,-77.50,0.00,
-14.19,31.92,-78.71,0.00,
-15.01,31.74,-79.84,0.00,
-16.00,30.95,-80.75,0.00,
96.28,92.50,83.72,87.50,
-17.29,28.23,-81.48,0.00,
-17.29,25.94,-81.33,0.00,
-16.73,23.08,-80.84,0.00,
-15.72,19.31,-80.13,0.00,
-14.47,14.48,-79.32,0.00,
94.48,82.13,85.52,97.87,
-12.43,4.77,-78.10,0.00,
-11.59,-0.66,-77.52,0.00,
-11.15,-4.76,-77.01,0.00,
-10.95,-7.47,-76.47,0.00,
-10.91,-9.04,-75.93,0.00,
91.78,90.65,88.22,89.35,
-11.19,-9.65,-75.19,0.00,
-11.39,-8.69,-74.95,0.00,
-11.52,-6.39,-74.93,0.00,
-11.63,-2.86,-75.07,0.00,
-12.27,5.27,-75.80,0.00,
93.34,93.00,86.66,87.00,
-13.33,16.25,-77.67,0.00,
-13.53,21.87,-78.95,0.00,
-13.36,26.98,-80.27,0.00,
-13.06,29.72,-81.12,0.00,
-12.34,32.49,-82.24,0.00,
96.07,83.10,83.93,96.90,
-9.88,33.95,-84.30,0.00,
-8.46,33.72,-85.38,0.00,
-7.60,33.59,-86.10,0.00,
-6.58,33.31,-87.14,0.00,
-5.97,32.65,-88.07,0.00,
95.45,82.91,84.55,97.09,
-5.24,28.33,-89.31,0.00,
-4.95,26.01,-89.51,0.00,
-4.30,22.18,-89.54,0.00,
-3.46,18.37,-89.26,0.00,
-2.48,14.69,-88.74,0.00,
93.31,82.78,86.69,97.22,
-0.83,6.49,-87.61,0.00,
-0.59,2.02,-87.18,0.00,
-0.63,-0.56,-86.88,0.00,
-0.82,-3.39,-86.30,0.00,
-1.07,-4.90,-85.58,0.00,
91.21,90.80,88.79,89.20,
-2.12,-4.87,-83.77,0.00,
-2.63,-4.16,-83.12,0.00,
-3.50,-2.62,-82.12,0.00,
-4.46,-0.53,-81.06,0.00,
-6.93,5.43,-79.00,0.00,
92.82,102.25,87.18,77.75,
-9.63,11.28,-77.62,0.00,
-11.45,14.82,-76.98,0.00,
-13.17,18.24,-76.38,0.00,
-14.60,21.27,-75.71,0.00,
-15.69,23.55,-74.95,0.00,
95.51,93.74,84.49,86.26,
-16.74,25.88,-73.36,0.00,
-16.69,26.21,-72.13,0.00,
-16.40,26.25,-70.85,0.00,
-15.70,25.72,-69.52,0.00,
-14.58,24.36,-68.15,0.00,
95.48,82.10,84.52,97.90,
-12.42,21.37,-66.24,0.00,
-10.90,19.03,-65.39,0.00,
-9.02,16.30,-64.76,0.00,
-6.83,13.34,-64.37,0.00,
-4.58,10.27,-64.30,0.00,
93.07,76.27,86.93,103.73,
-1.04,4.76,-64.97,0.00,
0.93,1.58,-65.82,0.00,
3.01,-0.94,-66.85,0.00,
5.64,-2.64,-67.94,0.00,
8.95,-3.64,-68.98,0.00,
90.33,70.59,89.67,109.41,
14.85,-4.55,-70.29,0.00,
17.99,-4.80,-70.64,0.00,
20.62,-4.60,-70.58,0.00,
22.64,-3.96,-70.10,0.00,
24.71,-2.13,-68.85,0.00,
88.90,75.54,91.10,104.46,
26.18,0.19,-67.68,0.00,
26.46,1.17,-67.41,0.00,
26.22,1.74,-67.33,0.00,
24.94,2.48,-67.37,0.00,
22.45,2.99,-67.58,0.00,
89.64,98.74,90.36,81.26,
14.70,4.61,-68.20,0.00,
11.61,5.69,-68.39,0.00,
6.68,7.75,-68.72,0.00,
1.74,10.25,-69.12,0.00,
-2.94,12.97,-69.67,0.00,
93.18,112.96,86.82,67.04,
-10.52,17.45,-71.50,0.00,
-13.45,19.28,-72.58,0.00,
-15.14,20.67,-73.28,0.00,
-17.41,23.20,-74.15,0.00,
-19.39,25.75,-74.88,0.00,
96.10,98.51,83.90,81.49,
-22.56,28.85,-76.06,0.00,
-23.02,29.17,-76.25,0.00,
-22.84,29.03,-76.15,0.00,
-21.68,28.27,-75.51,0.00,
-19.48,26.82,-74.33,0.00,
96.22,76.73,83.78,103.27,
-14.92,22.98,-71.68,0.00,
-13.47,21.23,-70.85,0.00,
-11.55,18.30,-69.80,0.00,
-9.83,14.86,-69.03,0.00,
-4.45,6.35,-68.34,0.00,
92.67,70.76,87.33,109.24,
3.17,0.39,-69.30,0.00,
7.58,-1.80,-70.14,0.00,
11.70,-3.54,-71.00,0.00,
15.25,-4.83,-71.72,0.00,
17.29,-5.37,-72.08,0.00,
89.32,76.77,90.68,103.23,
21.11,-6.04,-72.47,0.00,
21.82,-6.00,-72.40,0.00,
22.01,-5.77,-72.33,0.00,
21.98,-5.08,-72.18,0.00,
21.30,-3.91,-71.96,0.00,
89.07,90.52,90.93,89.48,
17.13,-0.17,-71.43,0.00,
13.66,2.08,-71.28,0.00,
10.98,3.70,-71.29,0.00,
6.66,6.39,-71.50,0.00,
2.25,9.39,-72.01,0.00,
92.30,111.30,87.70,68.70,
-6.38,15.47,-73.89,0.00,
-10.39,18.18,-75.28,0.00,
-12.69,19.90,-76.24,0.00,
-15.44,22.41,-77.56,0.00,
-17.49,24.83,-78.59,0.00,
95.82,98.75,84.18,81.25,
-20.09,28.64,-79.49,0.00,
-20.59,29.33,-79.44,0.00,
-20.98,29.78,-79.03,0.00,
-21.06,29.56,-78.26,0.00,
-20.74,26.60,-75.71,0.00,
96.32,86.61,83.68,93.39,
-20.34,20.09,-72.30,0.00,
-20.20,15.70,-70.51,0.00,
-20.11,12.50,-69.32,0.00,
-19.97,7.55,-67.53,0.00,
-19.61,2.82,-65.80,0.00,
93.83,88.63,86.17,91.37,
-17.97,-5.35,-62.96,0.00,
-17.18,-7.58,-62.30,0.00,
-15.93,-10.36,-61.57,0.00,
-14.65,-12.21,-61.16,0.00,
-13.36,-13.04,-61.06,0.00,
91.62,84.83,88.38,95.17,
-10.59,-11.93,-61.63,0.00,
-9.03,-10.21,-62.23,0.00,
-7.82,-8.70,-62.73,0.00,
-5.44,-5.89,-63.58,0.00,
-2.54,-2.77,-64.58,0.00,
91.57,74.37,88.43,105.63,
2.80,2.59,-66.99,0.00,
4.08,3.71,-67.90,0.00,
5.24,4.80,-69.27,0.00,
5.27,5.47,-70.64,0.00,
4.19,5.93,-72.04,0.00,
91.76,93.65,88.24,86.35,
0.59,7.19,-74.58,0.00,
-0.36,7.70,-75.30,0.00,
-1.16,8.38,-76.25,0.00,
-1.05,8.80,-77.05,0.00,
1.05,8.96,-77.96,0.00,
92.38,77.38,87.62,102.62,
2.94,8.31,-78.04,0.00,
3.56,7.37,-77.86,0.00,
3.57,6.19,-77.57,0.00,
3.05,5.16,-77.15,0.00,
2.39,4.70,-76.55,0.00,
91.82,91.58,88.18,88.42,
1.21,4.96,-75.36,0.00,
0.60,5.33,-74.65,0.00,
0.24,5.71,-73.97,0.00,
1.44,5.09,-73.38,0.00,
3.80,3.90,-72.89,0.00,
91.60,75.46,88.40,104.54,
2.22,3.00,-72.36,0.00,
2.72,2.61,-72.26,0.00,
2.13,2.82,-72.41,0.00,
2.54,2.70,-72.55,0.00,
2.21,2.86,-72.74,0.00,
91.65,90.16,88.35,89.84,
2.32,2.84,-73.08,0.00,
2.43,2.80,-73.22,0.00,
2.37,2.85,-73.33,0.00,
2.43,2.84,-73.41,0.00,
2.40,2.84,-73.44,0.00,
91.63,88.48,88.37,91.52,
2.37,2.86,-73.39,0.00,
2.35,2.86,-73.38,0.00,
2.35,2.86,-73.38,0.00,
2.31,2.85,-73.39,0.00,
2.32,2.84,-73.42,0.00,
91.64,88.32,88.36,91.68,
2.32,2.84,-73.41,0.00,
2.32,2.85,-73.41,0.00,
2.32,2.86,-73.38,0.00,
2.32,2.86,-73.38,0.00,
2.32,2.83,-73.40,0.00,
91.64,88.39,88.36,91.61,
2.30,2.88,-73.35,0.00,
2.29,2.92,-73.32,0.00,
2.14,3.03,-73.33,0.00,
1.72,3.30,-73.37,0.00,
0.99,3.66,-73.40,0.00,
91.86,92.19,88.14,87.81,
-1.19,4.55,-73.51,0.00,
-2.29,4.95,-73.64,0.00,
-2.99,5.28,-73.77,0.00,
-3.88,5.80,-73.99,0.00,
-4.53,6.34,-74.22,0.00,
92.68,91.98,87.32,88.02,
-4.88,8.15,-74.46,0.00,
-4.63,9.04,-74.46,0.00,
-4.47,9.41,-74.43,0.00,
-4.36,9.66,-74.32,0.00,
-4.51,9.79,-74.19,0.00,
93.02,89.15,86.98,90.85,
-5.00,10.06,-73.74,0.00,
-4.86,10.25,-73.45,0.00,
-4.54,10.36,-73.25,0.00,
-3.64,10.36,-72.95,0.00,
-0.42,9.41,-72.39,0.00,
92.57,71.32,87.43,108.68,
2.63,8.06,-72.26,0.00,
4.17,7.17,-72.32,0.00,
5.09,6.39,-72.52,0.00,
5.13,5.81,-72.95,0.00,
4.29,5.89,-73.63,0.00,
91.75,92.07,88.25,87.93,
0.86,7.97,-75.22,0.00,
-2.33,10.00,-76.59,0.00,
-6.09,12.17,-78.34,0.00,
-9.96,14.25,-80.46,0.00,
-13.31,15.99,-82.76,0.00,
94.52,106.56,85.48,73.44,
-16.72,17.80,-86.28,0.00,
-17.12,17.89,-87.82,0.00,
-16.46,17.17,-88.77,0.00,
-15.01,15.73,-89.09,0.00,
-13.19,13.70,-88.88,0.00,
94.28,79.43,85.72,100.57,
-9.93,9.82,-87.59,0.00,
-7.81,7.36,-86.35,0.00,
-5.46,5.16,-84.81,0.00,
-2.87,3.70,-82.95,0.00,
-0.05,3.08,-80.83,0.00,
91.90,74.00,88.10,106.00,
4.46,3.73,-76.86,0.00,
6.51,5.02,-74.37,0.00,
7.72,6.90,-71.95,0.00,
7.91,9.11,-69.81,0.00,
4.98,13.28,-67.30,0.00,
92.42,102.75,87.58,77.25,
-0.20,15.68,-67.13,0.00,
-3.81,16.49,-67.79,0.00,
-7.08,16.99,-68.82,0.00,
-9.63,17.20,-70.00,0.00,
-10.91,17.12,-70.80,0.00,
94.39,95.14,85.61,84.86,
-12.29,16.29,-72.97,0.00,
-11.62,16.26,-73.78,0.00,
-10.50,16.47,-74.37,0.00,
-9.64,16.62,-74.65,0.00,
-8.34,16.62,-74.90,0.00,
94.08,81.31,85.92,98.69,
-6.05,13.97,-75.32,0.00,
-4.98,10.42,-75.74,0.00,
-4.24,7.25,-76.10,0.00,
-2.99,1.45,-76.71,0.00,
-1.52,-5.13,-77.23,0.00,
91.23,82.17,88.77,97.83,
2.45,-16.41,-77.64,0.00,
4.33,-19.56,-77.21,0.00,
5.61,-20.72,-76.14,0.00,
6.03,-20.50,-75.09,0.00,
5.96,-18.90,-73.14,0.00,
89.10,90.55,90.90,89.45,
3.23,-12.72,-68.76,0.00,
0.96,-9.03,-66.88,0.00,
-0.58,-6.52,-65.89,0.00,
-2.68,-2.63,-64.82,0.00,
-5.64,6.02,-63.93,0.00,
92.75,103.63,87.25,76.37,
-6.82,14.82,-64.49,0.00,
-6.98,17.54,-64.90,0.00,
-7.08,21.50,-65.62,0.00,
-7.01,25.35,-66.34,0.00,
-6.88,28.99,-67.06,0.00,
95.18,86.03,84.82,93.97,
-6.73,34.90,-68.64,0.00,
-6.61,36.37,-69.47,0.00,
-6.45,36.05,-70.14,0.00,
-6.17,36.37,-70.91,0.00,
-5.97,36.17,-71.37,0.00,
95.80,84.79,84.20,95.21,
-5.64,34.01,-72.64,0.00,
-5.57,31.87,-73.09,0.00,
-5.60,29.27,-73.48,0.00,
-5.70,25.80,-73.86,0.00,
-5.74,23.17,-74.05,0.00,
94.48,87.31,85.52,92.69,
-5.34,14.90,-74.19,0.00,
-4.90,10.96,-74.11,0.00,
-4.50,6.95,-74.10,0.00,
-4.33,4.32,-74.21,0.00,
-4.24,0.69,-74.57,0.00,
92.08,88.78,87.92,91.22,
-4.58,-3.43,-76.71,0.00,
-5.08,-3.95,-79.04,0.00,
-5.71,-3.73,-80.83,0.00,
-6.16,-3.22,-82.31,0.00,
-7.26,-0.15,-88.23,0.00,
92.30,95.28,87.70,84.72,
-7.32,3.64,-96.53,0.00,
-7.10,4.72,-99.77,0.00,
-6.42,6.29,-104.99,0.00,
-5.28,7.88,-110.58,0.00,
-3.80,9.32,-116.46,0.00,
92.90,80.41,87.10,99.59,
-1.05,10.96,-128.48,0.00,
-0.46,11.05,-132.34,0.00,
0.22,10.93,-137.60,0.00,
0.80,10.89,-141.86,0.00,
1.33,11.09,-144.80,0.00,
92.56,84.87,87.44,95.13,
1.88,11.40,-146.44,0.00,
1.72,11.23,-145.57,0.00,
1.08,10.72,-143.58,0.00,
0.15,9.90,-140.71,0.00,
-0.83,9.07,-137.25,0.00,
92.58,93.30,87.42,86.70,
-2.37,8.10,-129.81,0.00,
-2.67,8.00,-127.47,0.00,
-2.93,8.02,-124.37,0.00,
-2.93,8.12,-121.80,0.00,
-2.39,8.29,-119.65,0.00,
92.66,85.50,87.34,94.50,
0.44,8.49,-116.19,0.00,
1.89,8.38,-115.20,0.00,
4.50,8.15,-113.76,0.00,
7.54,8.12,-112.28,0.00,
14.22,8.58,-109.09,0.00,
91.02,52.04,88.98,127.96,
19.01,8.63,-106.03,0.00,
21.02,8.22,-104.03,0.00,
22.06,7.19,-101.97,0.00,
22.22,5.85,-99.81,0.00,
21.97,4.97,-97.47,0.00,
89.89,87.52,90.11,92.48,
21.46,5.37,-93.16,0.00,
21.17,6.40,-90.66,0.00,
20.61,7.50,-88.57,0.00,
19.54,8.43,-87.02,0.00,
18.74,8.87,-86.32,0.00,
90.60,90.43,89.40,89.57,
15.19,9.99,-85.39,0.00,
12.75,10.55,-85.35,0.00,
10.22,11.27,-85.50,0.00,
7.78,12.12,-85.76,0.00,
6.24,12.67,-85.98,0.00,
92.23,95.23,87.77,84.77,
2.12,14.11,-86.91,0.00,
0.04,14.70,-87.46,0.00,
-1.48,15.05,-87.87,0.00,
-3.93,15.64,-88.45,0.00,
-6.66,16.50,-88.94,0.00,
93.90,102.01,86.10,77.99,
-13.01,18.56,-89.64,0.00,
-16.70,19.08,-89.87,0.00,
-20.52,19.20,-89.94,0.00,
-22.91,19.14,-89.81,0.00,
-29.47,19.28,-87.87,0.00,
96.46,125.01,83.54,54.99,
-31.84,19.22,-86.29,0.00,
-31.73,18.99,-85.58,0.00,
-29.64,18.91,-82.79,0.00,
-25.59,18.88,-81.29,0.00,
-22.26,18.69,-79.07,0.00,
95.68,71.40,84.32,108.60,
-11.74,17.14,-72.91,0.00,
-6.93,15.59,-70.47,0.00,
-2.55,13.94,-68.51,0.00,
0.23,13.00,-67.49,0.00,
4.55,11.82,-66.38,0.00,
92.32,64.89,87.68,115.11,
12.13,9.17,-65.44,0.00,
14.27,7.76,-65.58,0.00,
14.92,6.81,-65.87,0.00,
14.77,5.45,-66.50,0.00,
13.46,4.57,-67.31,0.00,
90.70,93.86,89.30,86.14,
8.51,4.46,-69.38,0.00,
5.02,4.63,-70.83,0.00,
2.47,4.79,-72.01,0.00,
-1.44,5.29,-74.09,0.00,
-5.29,6.73,-76.45,0.00,
92.79,108.60,87.21,71.40,
-12.55,13.54,-81.82,0.00,
-14.85,16.94,-83.85,0.00,
-17.77,22.82,-87.06,0.00,
-19.72,28.78,-90.26,0.00,
-20.10,37.75,-95.87,0.00,
97.37,89.06,82.63,90.94,
-17.22,38.90,-97.46,0.00,
-14.44,38.61,-97.64,0.00,
-11.56,38.00,-97.54,0.00,
-9.89,37.35,-97.46,0.00,
-7.98,35.55,-97.41,0.00,
95.94,76.26,84.06,103.74,
-5.90,26.84,-98.15,0.00,
-5.21,20.65,-98.62,0.00,
-4.46,14.74,-98.91,0.00,
-3.92,11.04,-99.00,0.00,
-3.15,5.57,-99.12,0.00,
92.46,84.77,87.54,95.23,
-1.51,-4.69,-99.36,0.00,
-0.90,-8.85,-99.42,0.00,
-0.58,-11.59,-99.24,0.00,
-0.55,-12.53,-98.89,0.00,
-0.78,-12.94,-98.07,0.00,
90.37,91.43,89.63,88.57,
-2.14,-10.59,-95.83,0.00,
-3.14,-7.32,-94.56,0.00,
-3.87,-4.23,-93.70,0.00,
-5.07,1.62,-92.47,0.00,
-6.39,8.45,-91.40,0.00,
93.07,95.74,86.93,84.26,
-8.11,22.41,-90.02,0.00,
-7.90,28.42,-89.46,0.00,
-7.42,31.93,-89.03,0.00,
-6.41,36.05,-88.32,0.00,
-4.01,37.48,-86.87,0.00,
95.74,73.14,84.26,106.86,
-1.98,32.23,-85.98,0.00,
-0.86,27.84,-85.55,0.00,
-0.08,23.09,-85.20,0.00,
0.42,18.54,-84.78,0.00,
0.68,15.78,-84.41,0.00,
93.10,85.84,86.90,94.16,
0.95,8.04,-83.11,0.00,
0.87,4.65,-82.38,0.00,
0.73,2.25,-81.54,0.00,
0.63,1.26,-80.92,0.00,
0.62,0.67,-79.99,0.00,
91.59,88.84,88.41,91.16,
0.48,2.09,-78.25,0.00,
0.24,3.21,-77.50,0.00,
-0.11,4.50,-76.83,0.00,
-0.38,5.75,-76.34,0.00,
-0.43,6.47,-76.12,0.00,
92.28,88.56,87.72,91.44,
0.25,8.41,-75.74,0.00,
0.63,9.01,-75.66,0.00,
0.66,9.12,-75.66,0.00,
0.31,8.92,-75.78,0.00,
-0.21,8.56,-76.01,0.00,
92.46,90.74,87.54,89.26,
-1.61,8.56,-76.77,0.00,
-0.97,7.77,-77.05,0.00,
-0.25,7.36,-77.17,0.00,
0.44,7.53,-77.30,0.00,
1.99,7.62,-77.26,0.00,
92.15,79.62,87.85,100.38,
1.58,5.32,-77.29,0.00,
1.97,3.60,-77.45,0.00,
1.71,3.16,-77.56,0.00,
1.82,3.42,-77.55,0.00,
1.78,3.17,-77.58,0.00,
91.73,88.60,88.27,91.40,
1.81,3.22,-77.75,0.00,
1.84,3.28,-77.75,0.00,
1.84,3.30,-77.71,0.00,
1.84,3.28,-77.71,0.00,
1.83,3.29,-77.69,0.00,
91.73,88.40,88.27,91.60,
1.83,3.29,-77.70,0.00,
1.83,3.28,-77.76,0.00,
1.83,3.28,-77.80,0.00,
1.81,3.27,-77.79,0.00,
1.80,3.27,-77.75,0.00,
91.74,88.45,88.26,91.55,
1.85,3.27,-77.60,0.00,
1.89,3.28,-77.54,0.00,
1.89,3.27,-77.61,0.00,
1.91,3.30,-77.82,0.00,
1.94,3.23,-77.87,0.00,
91.72,88.21,88.28,91.79,
1.89,3.26,-77.40,0.00,
1.89,3.25,-77.31,0.00,
1.90,3.26,-77.38,0.00,
1.86,3.24,-77.55,0.00,
1.81,3.32,-77.60,0.00,
91.74,88.60,88.26,91.40,
1.77,3.38,-77.53,0.00,
1.82,3.39,-77.48,0.00,
1.82,3.36,-77.47,0.00,
1.84,3.37,-77.52,0.00,
1.83,3.41,-77.58,0.00,
91.75,88.42,88.25,91.58,
1.87,3.40,-77.58,0.00,
1.87,3.34,-77.64,0.00,
1.87,3.33,-77.90,0.00,
1.90,3.26,-78.30,0.00,
1.92,3.24,-78.73,0.00,
91.72,88.26,88.28,91.74,
2.01,3.26,-79.10,0.00,
2.08,3.26,-79.01,0.00,
2.10,3.24,-78.91,0.00,
2.14,3.28,-78.90,0.00,
2.15,3.34,-78.88,0.00,
91.71,88.28,88.29,91.72,
